id;name;description;date_added;last_modified
8e26290c-5ed6-4dd4-803c-e21f47dc7106;red Direct;Shirt global Cotton;2022-03-30T05:53:44;2022-03-30T12:56:24
df6e6bbc-ccde-448d-8fbe-aed6fd16e172;Loan Account;seize Polarised Consultant;2022-03-30T00:50:08;2022-03-30T11:53:48
03e105f3-598b-485c-8e90-7cb61d529854;Strategist;migration;2022-03-30T12:01:21;2022-03-30T06:08:21
3c556e48-86db-4da9-afe6-4b88660c1ffe;management Fresh;sexy connecting Georgia;2022-03-30T02:28:35;2022-03-30T11:10:20
853e5094-bbf3-4672-8321-24855d991005;Cross-group SSL Brooks;open-source Customer;2022-03-30T20:20:10;2022-03-30T02:55:54
9c2e11c6-8dc7-4d97-9162-bb2b4549a0b0;Toys interactive turquoise;compressing hack;2022-03-30T07:56:29;2022-03-29T21:48:54
16faf5e1-aa7e-4cf1-bbd2-8feeedd2c103;Car Division moratorium;monitor;2022-03-29T23:35:36;2022-03-30T18:37:28
b18645ea-8cfc-4be1-aa67-839a1bbec0c0;Chair mint;Hawaii protocol;2022-03-30T14:48:43;2022-03-30T19:07:49
51a0b5a1-4bac-4b6c-812e-1f3d3b36bb78;quantifying firewall Jewelery;Response system-worthy;2022-03-30T19:52:53;2022-03-30T01:37:56
9df2ddd3-d8e3-4c0d-b411-a79d588ec58f;Account;Designer AI Brand;2022-03-30T09:02:30;2022-03-29T23:19:17
