id;street_address;postal_code;city;state_province;date_added;last_modified
83c6f07c-8cab-43a8-9025-6c92c5830c48;International generating;Chief;Lake Jovanburgh;Gold harness;2022-03-30T14:23:03;2022-03-30T01:23:20
c4e6923c-ff21-4184-940e-923511ed9233;payment up;wireless;Augusta-Richmond County;Accounts Venezuela Plastic;2022-03-30T19:23:23;2022-03-30T00:55:08
de6c3565-7d89-4440-9d29-5f8080641aef;mobile;infomediaries Guadeloupe Licensed;Macejkovicport;JBOD;2022-03-30T08:22:31;2022-03-30T00:25:43
b90d0087-dc50-4c76-aec0-cc7d088fb622;Plastic;synthesize CSS withdrawal;Stammborough;Tuna intranet Maine;2022-03-29T23:46:16;2022-03-30T00:15:20
9479175f-8740-4ff7-a555-a75d8ff55a41;foreground up PCI;Accounts;Grayceberg;Keyboard;2022-03-30T08:57:02;2022-03-30T07:14:17
7daaaa73-a823-40b6-ab75-ef3327389df6;indigo;Concrete Avon Dynamic;North Little Rock;Shoals Causeway;2022-03-30T07:07:43;2022-03-30T18:50:06
146d3cb1-878c-4996-a481-3df3ed4f8d6a;homogeneous compelling Technician;primary maximized leverage;Hadleybury;bi-directional Cotton;2022-03-29T22:08:44;2022-03-30T20:32:31
61f39207-319d-4e76-8d37-096bc39c0573;Fiji functionalities;connecting Fresh;North Tatyanaton;B2B Fresh backing;2022-03-30T00:37:34;2022-03-30T09:23:55
6bc64fea-ecf7-494e-8abe-5a8e83bede3b;ADP Car Robust;wireless;Redwood City;B2C invoice;2022-03-30T13:51:02;2022-03-30T17:23:24
90066157-beb6-41ad-a313-59001089add9;Alabama primary withdrawal;synthesizing Legacy;Flatleyview;navigate repurpose Jersey;2022-03-30T16:58:23;2022-03-30T06:31:34
